,GENE ID,LOCUS TAG,PRODUCT NAME,SCAFFOLD ID,GENE SEQ LENGTH,READS COUNT,COVERAGE, MEDIAN,READS COUNT ANTISENSE,COVERAGE ANTISENSE,MEDIAN ANTISENSE
7105,3300002862 assembled Ga0004695J43176_1049371,Ga0004695J43176_1049371,"Electron transfer flavoprotein, beta subunit",Ga0004695J43176_1049371,291,14,6.28933657135334e-08,6,15,6.73857489787858e-08,6
7073,3300002862 assembled Ga0004695J43176_1032891,Ga0004695J43176_1032891,"Electron transfer flavoprotein, beta subunit",Ga0004695J43176_1032891,216,14,8.47313399196214e-08,8,14,8.47313399196214e-08,9
