,GENE ID,LOCUS TAG,PRODUCT NAME,SCAFFOLD ID,GENE SEQ LENGTH,READS COUNT,COVERAGE, MEDIAN,READS COUNT ANTISENSE,COVERAGE ANTISENSE,MEDIAN ANTISENSE
8770,3300002862 assembled Ga0004695J43176_1032711,Ga0004695J43176_1032711,Nitrous oxidase accessory protein,Ga0004695J43176_1032711,624,34,7.12301923500114e-08,7,33,6.91351866926581e-08,6
970,3300002862 assembled Ga0004695J43176_1021031,Ga0004695J43176_1021031,Nitrous oxidase accessory protein,Ga0004695J43176_1021031,627,34,7.08893780325473e-08,6,34,7.08893780325473e-08,6
4476,3300002862 assembled Ga0004695J43176_1059701,Ga0004695J43176_1059701,Nitrous oxidase accessory protein,Ga0004695J43176_1059701,492,16,4.25132855345836e-08,4,14,3.71991248427606e-08,3
